Date,DayOfWeek,Year,HomeOrAway,Opponent,GameOutcome,PlayersTeamScore,OpponentTeamScore,MIN,FGM,FGA,3PM,3PA,FTM,FTA,REB,AST,BLK,STL,PF,TO,PTS
4/19/2006,Wed,2006,away,CLE,L,99,100,31,6,12,0,0,0,0,3,1,0,0,4,1,12
4/15/2006,Sat,2006,away,MIL,W,120,114,41,6,14,0,0,7,7,10,3,1,1,3,1,19
4/12/2006,Wed,2006,home,CHI,L,90,96,37,4,10,0,1,2,2,7,0,0,0,3,5,10
4/9/2006,Sun,2006,away,MIN,L,83,84,26,1,4,0,0,4,4,6,0,0,0,1,0,6
4/5/2006,Wed,2006,home,MIN,W,101,99,29,4,9,0,0,0,0,3,1,0,0,2,0,8
4/2/2006,Sun,2006,away,MEM,L,87,98,27,3,9,0,0,2,2,4,2,1,0,2,1,8
3/31/2006,Fri,2006,home,NJ,L,88,91,23,2,4,0,1,5,6,2,1,0,0,5,2,9
3/28/2006,Tue,2006,away,CHA,L,117,125,26,6,10,0,2,2,2,0,0,0,0,5,3,14
3/25/2006,Sat,2006,home,DAL,L,83,98,30,6,16,0,1,1,4,11,1,0,0,3,0,13
3/20/2006,Mon,2006,away,DET,L,84,91,0,0,0,0,0,0,0,0,0,0,0,0,0,0
3/17/2006,Fri,2006,home,UTAH,L,101,111,11,1,2,0,0,0,0,5,0,0,0,4,1,2
3/13/2006,Mon,2006,away,MIL,L,87,88,27,3,6,0,1,3,4,3,0,0,3,3,0,9
3/7/2006,Tue,2006,home,GS,W,113,106,29,3,7,0,0,8,10,10,1,0,3,3,0,14
3/3/2006,Fri,2006,home,SAC,L,93,102,24,7,9,0,0,3,4,6,0,0,0,5,3,17
2/27/2006,Mon,2006,home,NJ,W,104,102,25,3,5,0,1,0,4,4,0,2,0,1,2,6
2/24/2006,Fri,2006,away,IND,W,117,112,38,3,7,0,1,3,4,5,2,1,3,5,3,9
2/21/2006,Tue,2006,away,DET,L,87,97,31,6,11,0,0,1,3,2,1,0,0,4,0,13
2/12/2006,Sun,2006,away,SAC,L,84,109,30,3,9,0,2,5,6,2,3,0,1,3,0,11
2/7/2006,Tue,2006,home,DET,W,99,98,23,3,9,0,0,0,2,6,3,0,0,1,0,6
2/3/2006,Fri,2006,home,ORL,W,96,94,19,1,5,0,1,4,4,3,0,1,0,1,0,6
1/30/2006,Mon,2006,home,NY,W,120,101,29,5,8,0,0,3,4,5,2,0,0,3,0,13
1/27/2006,Fri,2006,home,PHX,L,106,110,21,2,4,1,1,3,3,7,0,1,0,3,0,8
1/23/2006,Mon,2006,home,IND,W,104,94,18,5,5,0,0,3,4,3,1,0,2,1,0,13
1/18/2006,Wed,2006,home,DET,L,89,117,24,3,8,0,2,4,4,4,0,0,1,2,3,10
1/14/2006,Sat,2006,home,WSH,L,106,114,22,1,4,0,0,5,6,5,1,0,0,4,3,7
1/11/2006,Wed,2006,away,WSH,L,72,103,31,3,7,0,2,2,3,2,0,0,1,5,1,8
1/7/2006,Sat,2006,home,NO,W,101,93,25,4,7,2,2,1,2,7,1,1,1,2,1,11
1/3/2006,Tue,2006,home,TOR,L,97,108,20,5,9,0,1,0,0,2,1,0,0,3,2,10
12/30/2006,Fri,2006,away,NJ,L,91,99,9,2,3,1,2,2,2,1,0,0,0,4,0,7
12/27/2006,Tue,2006,home,CHA,L,90,93,10,0,2,0,0,0,0,1,0,0,0,4,0,0
12/20/2006,Tue,2006,away,MIA,L,92,111,26,9,14,1,3,7,9,7,2,0,2,3,0,26
12/16/2006,Fri,2006,home,NY,W,122,111,28,2,6,0,2,5,6,6,0,0,1,3,1,9
12/13/2006,Tue,2006,away,CLE,W,100,94,22,2,4,0,0,0,0,3,1,0,2,4,1,4
12/7/2006,Wed,2006,away,UTAH,L,83,95,33,1,6,0,1,1,2,4,1,0,0,4,3,3
12/4/2006,Sun,2006,away,PHX,L,94,112,31,7,11,1,1,2,3,11,0,0,3,2,4,17
11/30/2006,Wed,2006,home,MIA,L,74,96,15,0,4,0,1,0,0,2,0,0,0,1,1,0
11/27/2006,Sun,2006,home,POR,L,75,77,16,0,3,0,0,1,1,3,0,0,2,0,1,1
11/23/2006,Wed,2006,home,BOS,W,120,117,20,1,3,0,0,4,4,2,0,0,1,2,0,6
11/17/2006,Thu,2006,away,DAL,L,78,87,19,2,6,0,0,0,0,5,1,0,0,1,3,4
11/12/2006,Sat,2006,home,MEM,L,84,85,19,5,6,0,0,2,2,4,1,0,0,3,0,12
11/8/2006,Tue,2006,home,LAL,L,97,103,27,1,3,0,1,2,2,5,1,1,0,5,1,4
11/4/2006,Fri,2006,away,LAC,L,77,92,35,2,8,1,1,1,4,9,2,0,1,2,2,6
4/18/2006,Tue,2006,home,MIA,W,103,100,27,6,10,0,0,4,7,9,2,0,0,1,0,16
4/14/2006,Fri,2006,home,CHA,L,110,116,39,9,14,0,1,4,5,6,2,0,2,4,2,22
4/10/2006,Mon,2006,away,ORL,L,88,105,32,3,11,0,1,5,7,7,1,0,2,1,1,11
4/7/2006,Fri,2006,home,WSH,W,114,101,22,3,7,0,0,5,8,6,0,1,1,1,2,11
4/4/2006,Tue,2006,away,NJ,L,94,96,0,0,0,0,0,0,0,0,0,0,0,0,0,0
3/29/2006,Wed,2006,home,IND,W,94,93,31,4,8,0,0,1,1,5,2,0,0,0,1,9
3/26/2006,Sun,2006,away,ORL,L,101,108,26,4,8,0,0,5,5,6,1,0,1,5,0,13
3/22/2006,Wed,2006,away,PHI,L,106,115,31,8,12,1,2,4,5,2,1,0,0,0,0,21
3/19/2006,Sun,2006,home,ORL,W,108,107,18,2,6,0,1,2,3,1,0,0,0,2,0,6
3/15/2006,Wed,2006,away,NY,L,117,121,31,3,7,0,1,3,6,8,0,0,1,5,2,9
3/11/2006,Sat,2006,home,CHI,L,90,95,23,0,6,0,0,4,6,7,0,1,0,3,0,4
3/4/2006,Sat,2006,away,MIA,L,93,95,26,2,5,0,0,3,4,8,0,1,0,3,3,7
3/1/2006,Wed,2006,away,TOR,W,113,111,25,2,4,0,0,5,5,5,1,0,0,2,3,9
2/25/2006,Sat,2006,home,MIL,L,89,99,24,2,4,0,0,6,8,5,1,0,0,2,3,10
2/22/2006,Wed,2006,home,SEA,L,109,114,34,4,10,0,1,9,11,5,1,0,2,5,1,17
2/15/2006,Wed,2006,away,LAL,W,114,110,24,3,5,0,0,5,5,4,1,0,0,3,1,11
2/10/2006,Fri,2006,away,SEA,L,91,99,29,1,7,0,1,2,2,9,0,2,1,2,1,4
2/4/2006,Sat,2006,away,WSH,L,85,98,21,1,5,0,0,7,10,6,1,0,0,1,1,9
2/1/2006,Wed,2006,away,CHA,W,102,92,0,0,0,0,0,0,0,0,0,0,0,0,0,0
1/28/2006,Sat,2006,away,CHI,L,99,111,27,2,8,0,1,1,1,10,0,0,3,2,0,5
1/25/2006,Wed,2006,home,CLE,L,97,106,11,1,3,0,1,0,2,6,2,0,0,4,0,2
1/20/2006,Fri,2006,home,MIL,L,102,118,29,4,8,0,1,1,2,5,0,1,0,5,1,9
1/16/2006,Mon,2006,home,HOU,W,94,83,27,5,8,0,0,0,0,3,0,0,1,2,1,10
1/13/2006,Fri,2006,away,NY,L,94,105,25,1,4,0,1,3,4,6,1,1,0,3,0,5
1/10/2006,Tue,2006,home,BOS,L,94,98,21,3,6,1,2,0,1,5,1,0,0,5,1,7
1/6/2006,Fri,2006,away,BOS,W,103,98,19,3,7,1,2,2,2,2,0,0,0,4,0,9
12/28/2006,Wed,2006,away,TOR,L,102,108,24,2,3,0,0,0,0,5,0,1,1,1,1,4
12/23/2006,Fri,2006,home,PHI,W,111,108,24,1,5,0,1,0,1,6,2,1,0,3,0,2
12/18/2006,Sun,2006,home,DEN,W,110,107,20,0,2,0,0,0,0,2,1,0,1,3,0,0
12/14/2006,Wed,2006,away,PHI,L,101,106,17,1,2,1,1,0,0,3,0,0,1,2,2,3
12/10/2006,Sat,2006,home,SA,W,94,84,18,2,5,0,1,0,0,7,1,0,0,2,1,4
12/6/2006,Tue,2006,away,DEN,L,116,125,22,2,5,0,0,2,2,4,2,0,1,5,1,6
12/2/2006,Fri,2006,home,TOR,L,101,102,20,1,5,0,0,0,0,4,0,0,0,1,1,2
11/29/2006,Tue,2006,away,HOU,L,85,100,26,5,9,1,2,0,0,5,1,0,1,5,1,11
11/25/2006,Fri,2006,away,IND,W,87,85,12,1,5,0,0,1,2,2,0,0,0,2,0,3
11/18/2006,Fri,2006,away,NO,L,92,95,20,0,4,0,0,0,0,5,1,1,0,5,3,0
11/15/2006,Tue,2006,away,SA,L,79,103,25,0,2,0,0,4,6,4,1,1,0,1,0,4
11/10/2006,Thu,2006,home,LAC,L,95,102,28,5,7,0,0,2,2,2,0,2,0,3,0,12
11/5/2006,Sat,2006,away,POR,L,93,94,25,1,5,0,0,0,0,2,1,1,0,6,0,2
11/2/2006,Wed,2006,away,GS,L,97,122,25,5,10,1,1,1,1,6,1,1,1,4,0,12
4/17/2007,Tue,2007,home,IND,W,118,102,38,10,15,0,0,3,3,7,3,1,2,5,3,23
4/14/2007,Sat,2007,away,CLE,L,76,110,41,3,15,0,0,2,2,2,1,1,0,3,4,8
4/10/2007,Tue,2007,home,BOS,W,104,96,45,8,14,0,0,5,7,5,1,1,2,4,4,21
4/6/2007,Fri,2007,home,MIL,W,115,102,27,3,10,0,0,4,5,3,5,1,1,4,2,10
4/1/2007,Sun,2007,home,CHI,L,97,105,39,6,14,0,0,4,4,8,1,0,0,3,2,16
3/28/2007,Wed,2007,away,CHA,L,87,101,36,4,14,0,1,4,6,10,1,1,0,4,2,12
3/25/2007,Sun,2007,home,DAL,L,97,104,36,3,9,0,0,3,3,7,2,0,1,3,2,9
3/21/2007,Wed,2007,home,MIA,L,83,91,38,7,15,0,0,2,4,12,2,0,1,2,3,16
3/17/2007,Sat,2007,away,IND,L,90,113,42,4,9,0,2,4,4,2,3,0,1,2,2,12
3/13/2007,Tue,2007,home,PHI,W,104,92,38,5,9,1,1,3,4,5,2,0,0,3,3,14
3/9/2007,Fri,2007,home,MEM,W,106,105,36,7,17,0,0,3,3,3,2,1,2,6,4,17
3/5/2007,Mon,2007,away,MIA,L,81,88,13,1,5,0,0,2,2,1,0,0,0,0,0,4
3/2/2007,Fri,2007,away,WSH,L,92,93,38,7,14,1,1,6,6,6,1,0,1,3,2,21
2/28/2007,Wed,2007,away,NO,L,100,107,26,6,9,0,0,0,0,8,1,1,0,6,0,12
2/25/2007,Sun,2007,home,PHX,L,106,115,39,10,15,0,0,3,3,10,1,0,0,4,2,23
2/21/2007,Wed,2007,home,SA,L,96,103,35,5,12,0,0,6,10,6,3,1,1,5,1,16
2/14/2007,Wed,2007,away,LAC,W,96,93,43,3,9,0,0,4,4,1,3,1,0,1,1,10
2/11/2007,Sun,2007,away,GS,W,106,105,26,4,9,0,0,1,2,6,0,2,2,4,2,9
2/7/2007,Wed,2007,home,NJ,L,85,87,39,3,13,0,0,13,13,9,1,1,2,0,1,19
2/4/2007,Sun,2007,away,NJ,W,101,99,32,6,10,0,1,0,0,4,1,1,0,2,0,12
1/31/2007,Wed,2007,home,GS,W,115,94,33,7,10,1,3,2,2,4,2,1,2,3,0,17
1/27/2007,Sat,2007,home,PHI,L,89,104,36,6,12,0,0,6,8,4,2,0,3,2,1,18
1/24/2007,Wed,2007,away,BOS,W,82,76,33,3,10,0,0,0,0,4,1,0,0,2,1,6
1/20/2007,Sat,2007,away,CHA,L,85,104,40,9,16,0,0,2,2,5,1,0,1,1,0,20
1/17/2007,Wed,2007,away,MIN,W,105,88,30,1,8,0,0,5,6,10,5,0,0,1,1,7
1/12/2007,Fri,2007,home,DET,W,99,93,31,5,11,0,0,2,4,9,7,0,0,2,3,12
1/9/2007,Tue,2007,away,IND,L,72,91,25,3,12,0,2,0,0,4,1,0,1,4,2,6
1/5/2007,Fri,2007,away,TOR,L,92,105,38,9,15,0,3,6,7,5,1,1,0,1,2,24
12/31/2007,Sun,2007,away,SA,L,81,95,37,4,12,1,3,4,4,7,1,0,2,4,3,13
12/27/2007,Wed,2007,home,CLE,L,76,89,20,2,5,1,4,0,0,4,1,0,0,5,4,5
12/22/2007,Fri,2007,home,IND,L,90,100,39,7,11,0,1,4,5,4,3,1,0,1,2,18
12/16/2007,Sat,2007,home,CHI,L,104,106,43,9,15,2,3,3,4,7,0,2,0,3,2,23
12/13/2007,Wed,2007,away,NY,L,82,94,38,5,13,0,3,13,15,7,2,0,1,5,3,23
12/10/2007,Sun,2007,away,SAC,L,92,117,20,1,8,1,1,0,0,3,3,0,0,5,2,3
12/6/2007,Wed,2007,away,DEN,W,98,96,0,0,0,0,0,0,0,0,0,0,0,0,0,0
12/3/2007,Sun,2007,away,POR,W,107,96,0,0,0,0,0,0,0,0,0,0,0,0,0,0
11/29/2007,Wed,2007,home,CHA,W,99,90,0,0,0,0,0,0,0,0,0,0,0,0,0,0
11/25/2007,Sat,2007,away,ORL,L,79,98,0,0,0,0,0,0,0,0,0,0,0,0,0,0
11/22/2007,Wed,2007,away,DET,L,98,103,0,0,0,0,0,0,0,0,0,0,0,0,0,0
11/14/2007,Tue,2007,home,MIL,L,101,103,0,0,0,0,0,0,0,0,0,0,0,0,0,0
11/10/2007,Fri,2007,away,TOR,W,111,102,0,0,0,0,0,0,0,0,0,0,0,0,0,0
11/5/2007,Sun,2007,home,ORL,W,95,82,0,0,0,0,0,0,0,0,0,0,0,0,0,0
11/1/2007,Wed,2007,away,PHI,L,75,88,0,0,0,0,0,0,0,0,0,0,0,0,0,0
4/16/2007,Mon,2007,away,MIL,L,96,102,38,8,13,0,0,5,6,9,2,1,1,5,1,21
4/13/2007,Fri,2007,home,WSH,L,85,98,46,11,20,0,0,2,5,7,2,0,1,0,5,24
4/8/2007,Sun,2007,away,PHI,L,104,109,51,8,18,0,2,5,7,9,4,0,1,4,1,21
4/4/2007,Wed,2007,away,NJ,L,86,101,40,2,10,0,0,3,5,6,1,1,0,3,1,7
3/26/2007,Mon,2007,away,MIA,L,89,106,34,6,11,0,0,2,2,8,1,1,0,2,2,14
3/23/2007,Fri,2007,home,POR,L,100,102,18,0,4,0,0,2,2,2,1,0,0,3,1,2
3/19/2007,Mon,2007,home,SAC,W,99,76,30,6,13,0,2,1,1,11,2,1,1,5,0,13
3/14/2007,Wed,2007,away,BOS,L,88,109,38,5,9,1,2,6,6,8,2,0,1,3,3,17
3/10/2007,Sat,2007,home,MIN,W,99,93,39,4,10,0,0,3,3,6,5,1,2,0,2,11
3/7/2007,Wed,2007,home,WSH,W,100,97,0,0,0,0,0,0,0,0,0,0,0,0,0,0
3/3/2007,Sat,2007,home,NY,L,100,104,29,5,11,0,1,4,6,2,0,0,0,5,1,14
2/26/2007,Mon,2007,away,DAL,L,87,110,34,4,8,0,0,3,4,3,0,0,2,3,1,11
2/23/2007,Fri,2007,home,HOU,W,105,99,32,6,11,0,0,8,10,3,3,0,1,3,1,20
2/20/2007,Tue,2007,away,CHI,L,81,106,28,4,10,0,0,4,4,6,3,0,1,4,2,12
2/12/2007,Mon,2007,away,UTAH,L,76,102,33,6,12,0,0,3,4,1,2,1,0,3,1,15
2/9/2007,Fri,2007,away,PHX,W,120,111,35,3,6,0,0,10,10,7,1,0,2,0,2,16
2/5/2007,Mon,2007,home,LAL,L,83,90,21,0,6,0,0,0,0,5,1,0,0,3,2,0
2/2/2007,Fri,2007,home,TOR,L,91,103,42,5,12,0,0,1,1,5,1,0,1,3,3,11
1/29/2007,Mon,2007,home,ORL,W,93,83,38,6,9,0,0,0,0,4,4,2,1,2,5,12
1/26/2007,Fri,2007,away,ORL,W,93,90,24,1,3,0,0,0,0,5,1,0,1,3,1,2
1/23/2007,Tue,2007,away,CHI,L,86,94,42,9,12,0,0,4,4,4,2,0,1,2,5,22
1/19/2007,Fri,2007,home,CHA,L,75,96,33,3,11,0,2,2,2,4,4,0,0,1,0,8
1/15/2007,Mon,2007,home,BOS,W,100,96,38,3,12,0,0,2,4,3,4,1,1,2,1,8
1/10/2007,Wed,2007,home,NO,L,77,96,26,2,13,0,0,3,4,4,3,0,0,3,3,7
1/6/2007,Sat,2007,home,LAC,W,86,74,32,2,7,1,1,3,4,5,2,0,0,1,1,8
12/29/2007,Fri,2007,away,HOU,L,68,94,33,0,5,0,0,4,5,4,2,0,1,4,2,4
12/23/2007,Sat,2007,away,DET,L,81,108,30,7,15,0,0,5,7,3,1,1,0,5,4,19
12/20/2007,Wed,2007,home,UTAH,L,106,112,39,2,11,0,2,5,6,1,2,1,3,4,4,9
12/15/2007,Fri,2007,away,MEM,W,97,88,33,5,10,0,0,3,4,6,0,0,1,5,3,13
12/12/2007,Tue,2007,home,DEN,L,87,100,30,5,10,0,2,0,1,2,0,1,2,2,1,10
12/8/2007,Fri,2007,away,LAL,L,95,106,25,2,9,1,2,4,6,2,1,0,1,5,2,9
12/5/2007,Tue,2007,away,SEA,L,87,102,0,0,0,0,0,0,0,0,0,0,0,0,0,0
12/1/2007,Fri,2007,home,CLE,L,95,106,0,0,0,0,0,0,0,0,0,0,0,0,0,0
11/28/2007,Tue,2007,away,WSH,L,95,96,0,0,0,0,0,0,0,0,0,0,0,0,0,0
11/24/2007,Fri,2007,home,TOR,W,97,93,0,0,0,0,0,0,0,0,0,0,0,0,0,0
11/18/2007,Sat,2007,home,MIA,L,88,93,0,0,0,0,0,0,0,0,0,0,0,0,0,0
11/11/2007,Sat,2007,home,SEA,L,112,113,0,0,0,0,0,0,0,0,0,0,0,0,0,0
11/7/2007,Tue,2007,away,CLE,W,104,95,0,0,0,0,0,0,0,0,0,0,0,0,0,0
11/3/2007,Fri,2007,home,NY,W,102,92,0,0,0,0,0,0,0,0,0,0,0,0,0,0
5/4/2008,Sun,2008,away,BOS,L,65,99,21,3,11,0,0,1,2,7,0,0,0,3,1,7
4/30/2008,Wed,2008,away,BOS,L,85,110,37,4,10,0,0,4,4,2,0,0,0,3,0,12
4/26/2008,Sat,2008,home,BOS,W,102,93,24,4,8,0,0,5,5,6,1,0,0,3,2,13
4/20/2008,Sun,2008,away,BOS,L,81,104,34,2,7,0,0,5,6,3,0,2,0,2,4,9
4/15/2008,Tue,2008,home,ORL,L,105,121,36,7,14,0,0,2,2,3,1,0,1,2,2,16
4/11/2008,Fri,2008,away,NY,W,116,104,40,2,6,0,0,3,4,2,2,0,1,4,2,7
4/5/2008,Sat,2008,away,PHI,W,92,85,35,5,9,0,0,8,8,5,1,0,0,4,0,18
4/2/2008,Wed,2008,home,TOR,W,127,120,28,5,11,0,0,5,6,4,2,0,0,4,0,15
3/31/2008,Mon,2008,away,MEM,W,116,99,30,5,6,0,0,2,2,5,3,0,1,2,0,12
3/28/2008,Fri,2008,home,CHI,W,106,103,35,4,9,0,0,5,5,11,2,0,2,2,1,13
3/25/2008,Tue,2008,away,CHI,L,94,103,36,3,14,0,0,4,4,9,2,0,1,3,2,10
3/19/2008,Wed,2008,away,NJ,L,117,125,28,6,9,0,0,3,3,4,1,0,1,3,2,15
3/16/2008,Sun,2008,away,NY,W,109,98,42,12,19,0,0,1,4,8,1,1,0,2,0,25
3/12/2008,Wed,2008,home,HOU,L,75,83,33,4,8,0,0,0,0,5,1,1,1,5,2,8
3/8/2008,Sat,2008,home,MIA,W,97,94,32,0,8,0,1,8,8,5,2,0,0,3,0,8
3/5/2008,Wed,2008,away,NO,L,101,116,38,5,11,0,0,1,2,5,1,0,0,2,1,11
3/2/2008,Sun,2008,away,BOS,L,88,98,21,2,4,0,0,4,4,5,1,2,1,2,1,8
2/29/2008,Fri,2008,home,NY,W,99,93,22,2,8,0,0,5,6,4,3,0,1,0,1,9
2/25/2008,Mon,2008,away,SA,L,74,89,31,2,9,0,0,0,0,6,1,1,2,1,0,4
2/22/2008,Fri,2008,away,GS,W,117,110,38,2,11,0,2,6,6,14,2,0,1,2,0,10
2/19/2008,Tue,2008,away,LAL,L,93,122,23,2,8,0,0,0,0,2,1,0,0,2,2,4
2/12/2008,Tue,2008,home,DET,L,90,94,32,4,12,0,0,0,0,8,1,0,0,2,3,8
2/8/2008,Fri,2008,home,CLE,L,95,100,39,7,14,0,0,7,7,5,0,0,0,2,3,21
2/4/2008,Mon,2008,home,PHI,W,96,91,31,4,11,0,0,1,2,4,0,1,1,3,1,9
1/30/2008,Wed,2008,away,LAC,L,88,95,28,3,9,0,0,5,5,3,2,0,0,3,4,11
1/27/2008,Sun,2008,away,POR,L,93,94,35,7,10,0,0,3,3,5,1,1,0,2,1,17
1/23/2008,Wed,2008,away,DEN,L,100,107,36,7,16,0,0,6,6,6,1,0,1,2,2,20
1/18/2008,Fri,2008,away,TOR,L,78,89,42,5,15,0,0,3,4,9,1,1,0,3,1,13
1/15/2008,Tue,2008,home,DEN,W,104,93,33,8,12,0,0,3,4,9,4,1,1,5,1,19
1/11/2008,Fri,2008,home,WSH,L,98,102,41,6,18,0,0,4,6,9,1,1,1,4,2,16
1/5/2008,Sat,2008,home,NJ,L,107,113,28,5,7,0,1,8,12,8,0,0,1,6,2,18
1/2/2008,Wed,2008,away,CLE,L,94,98,38,2,6,0,0,12,12,4,1,0,1,4,1,16
12/29/2008,Sat,2008,away,DAL,L,84,97,32,6,12,0,0,6,7,6,0,0,0,3,3,18
12/21/2008,Fri,2008,away,WSH,W,97,92,35,8,12,0,0,6,7,3,1,0,0,6,1,22
12/17/2008,Mon,2008,home,UTAH,W,116,111,48,5,8,0,0,11,12,6,3,0,3,2,4,21
12/14/2008,Fri,2008,away,DET,L,81,91,38,4,7,0,0,7,10,4,2,0,1,3,0,15
12/10/2008,Mon,2008,away,ORL,W,98,87,37,4,10,0,0,4,4,3,2,0,1,3,0,12
12/6/2008,Thu,2008,home,MIN,W,90,89,34,5,11,0,0,10,15,4,1,0,1,1,1,20
12/3/2008,Mon,2008,away,PHI,W,88,79,41,8,17,0,0,0,1,3,1,0,0,3,2,16
11/30/2008,Fri,2008,home,NO,L,86,92,35,6,13,0,0,6,6,4,0,0,0,2,1,18
11/27/2008,Tue,2008,away,CHI,L,78,90,25,1,5,0,0,5,6,3,1,0,1,4,3,7
11/21/2008,Wed,2008,away,MIA,W,82,79,29,4,8,0,0,5,6,10,1,1,3,3,2,13
11/17/2008,Sat,2008,away,MIL,L,96,105,35,5,16,0,0,0,1,8,1,0,1,2,2,10
11/14/2008,Wed,2008,home,CHA,W,117,109,37,9,15,0,0,1,2,6,1,1,0,4,1,19
11/9/2008,Fri,2008,away,BOS,L,83,106,28,6,9,0,0,2,3,1,0,0,0,5,1,14
11/6/2008,Tue,2008,away,NJ,L,82,87,26,3,6,0,0,7,8,1,1,0,1,5,2,13
11/2/2008,Fri,2008,home,DAL,W,101,94,37,5,10,0,0,6,8,5,3,1,0,3,0,16
5/2/2008,Fri,2008,home,BOS,W,103,100,28,6,9,0,0,6,6,4,2,1,0,4,1,18
4/28/2008,Mon,2008,home,BOS,W,97,92,22,2,4,0,0,4,4,2,2,0,1,4,4,8
4/23/2008,Wed,2008,away,BOS,L,77,96,33,3,9,0,0,7,9,4,0,0,1,2,1,13
4/16/2008,Wed,2008,away,MIA,L,99,113,38,5,12,0,0,1,2,5,1,1,2,1,2,11
4/12/2008,Sat,2008,home,BOS,L,89,99,31,4,8,0,0,3,5,5,1,0,0,3,1,11
4/8/2008,Tue,2008,away,IND,L,98,112,33,5,14,0,0,1,1,5,3,0,2,3,1,11
4/4/2008,Fri,2008,home,PHI,L,104,109,39,7,10,0,0,5,6,6,2,0,1,1,2,19
3/30/2008,Sun,2008,home,NY,W,114,109,41,11,16,0,0,5,7,11,2,2,1,3,1,27
3/26/2008,Wed,2008,home,MIL,W,115,96,31,7,9,0,0,2,4,4,0,0,2,0,1,16
3/22/2008,Sat,2008,home,ORL,W,98,90,20,2,7,0,0,0,0,3,4,0,0,4,2,4
3/17/2008,Mon,2008,away,WSH,W,105,96,26,3,7,0,0,1,3,4,2,0,1,3,0,7
3/14/2008,Fri,2008,home,LAC,W,117,93,26,5,13,0,0,2,2,4,1,0,2,3,1,12
3/10/2008,Mon,2008,away,ORL,L,112,123,28,5,10,0,0,1,1,9,0,0,2,4,0,11
3/7/2008,Fri,2008,away,CHA,L,93,108,34,8,14,0,0,1,2,8,1,0,0,0,2,17
3/4/2008,Tue,2008,home,GS,L,118,135,36,8,17,0,0,4,4,3,1,1,1,2,4,20
2/27/2008,Wed,2008,home,SAC,W,123,117,0,0,0,0,0,0,0,0,0,0,0,0,0,0
2/23/2008,Sat,2008,away,UTAH,L,94,100,38,6,11,0,1,4,4,5,1,0,1,2,4,16
2/20/2008,Wed,2008,away,SAC,L,107,119,29,5,8,0,0,3,4,6,2,1,1,2,2,13
2/13/2008,Wed,2008,away,CHA,L,98,100,47,3,15,0,0,8,8,6,3,1,2,5,1,14
2/9/2008,Sat,2008,away,HOU,L,89,108,27,4,12,0,0,0,0,5,1,0,1,3,0,8
2/6/2008,Wed,2008,home,LAL,W,98,95,35,5,17,0,0,2,2,1,1,0,0,3,2,12
2/2/2008,Sat,2008,home,NJ,W,104,92,38,9,19,0,0,6,6,7,5,0,1,3,2,24
1/29/2008,Tue,2008,away,PHX,L,92,125,32,7,15,0,0,4,5,8,1,0,0,3,2,18
1/25/2008,Fri,2008,away,SEA,W,99,90,39,12,20,0,0,9,12,7,2,1,3,1,2,33
1/21/2008,Mon,2008,home,POR,L,109,111,40,4,13,0,1,3,4,4,1,1,0,2,2,11
1/16/2008,Wed,2008,away,MIL,L,80,87,39,6,13,0,0,10,11,6,3,1,2,2,2,22
1/13/2008,Sun,2008,home,CHI,W,105,84,37,3,11,0,0,5,6,4,3,4,2,3,4,11
1/9/2008,Wed,2008,home,CLE,W,90,81,38,5,13,0,0,2,2,8,3,0,2,3,2,12
1/4/2008,Fri,2008,away,IND,L,91,113,27,3,10,0,1,7,8,3,1,0,1,4,2,13
12/26/2008,Wed,2008,home,IND,W,107,95,35,4,8,0,0,6,8,5,5,1,1,4,2,14
12/19/2008,Wed,2008,home,MIA,W,114,111,50,9,17,0,0,8,10,9,2,0,2,4,6,26
12/15/2008,Sat,2008,home,CHA,W,93,84,45,7,12,0,0,6,8,5,3,1,2,3,2,20
12/11/2008,Tue,2008,home,TOR,L,88,100,34,8,15,0,0,7,8,6,1,0,0,1,1,23
12/8/2008,Sat,2008,home,MEM,W,86,78,43,7,16,0,0,3,4,10,3,0,3,3,3,17
12/4/2008,Tue,2008,home,DET,L,95,106,27,2,5,0,0,7,8,3,2,0,1,3,0,11
11/28/2008,Wed,2008,home,MIL,W,96,80,0,0,0,0,0,0,0,0,0,0,0,0,0,0
11/24/2008,Sat,2008,away,MIN,W,94,87,29,3,9,0,0,4,7,5,2,0,1,1,1,10
11/20/2008,Tue,2008,home,SA,L,83,95,36,7,13,0,0,2,2,6,2,2,4,1,1,16
11/16/2008,Fri,2008,home,SEA,L,123,126,44,6,13,0,0,6,8,7,4,2,4,6,2,18
11/11/2008,Sun,2008,home,WSH,L,90,101,43,6,16,0,1,8,10,12,6,1,0,2,1,20
11/7/2008,Wed,2008,home,PHX,W,105,96,42,10,15,0,1,0,0,12,3,0,1,1,2,20
11/4/2008,Sun,2008,away,DET,L,91,92,39,8,12,1,1,5,6,6,2,0,1,5,2,22
5/11/2009,Mon,2009,home,CLE,L,74,84,30,1,7,0,1,2,2,4,2,1,1,1,1,4
5/7/2009,Thu,2009,away,CLE,L,85,105,0,0,0,0,0,0,0,0,0,0,0,0,0,0
5/3/2009,Sun,2009,home,MIA,W,91,78,0,0,0,0,0,0,0,0,0,0,0,0,0,0
4/29/2009,Wed,2009,home,MIA,W,106,91,0,0,0,0,0,0,0,0,0,0,0,0,0,0
4/25/2009,Sat,2009,away,MIA,L,78,107,0,0,0,0,0,0,0,0,0,0,0,0,0,0
4/19/2009,Sun,2009,home,MIA,W,90,64,17,3,5,1,1,3,6,2,1,0,2,1,2,10
4/14/2009,Tue,2009,home,MIA,W,81,79,16,4,4,1,1,4,4,4,1,0,0,2,1,13
4/8/2009,Wed,2009,away,MIL,W,113,105,0,0,0,0,0,0,0,0,0,0,0,0,0,0
4/4/2009,Sat,2009,home,ORL,L,82,88,0,0,0,0,0,0,0,0,0,0,0,0,0,0
3/31/2009,Tue,2009,away,PHI,L,85,98,0,0,0,0,0,0,0,0,0,0,0,0,0,0
3/27/2009,Fri,2009,home,BOS,L,93,99,0,0,0,0,0,0,0,0,0,0,0,0,0,0
3/23/2009,Mon,2009,home,MIN,W,109,97,0,0,0,0,0,0,0,0,0,0,0,0,0,0
3/19/2009,Thu,2009,home,DAL,W,95,87,0,0,0,0,0,0,0,0,0,0,0,0,0,0
3/15/2009,Sun,2009,home,POR,W,98,80,0,0,0,0,0,0,0,0,0,0,0,0,0,0
3/11/2009,Wed,2009,home,UTAH,W,100,93,0,0,0,0,0,0,0,0,0,0,0,0,0,0
3/7/2009,Sat,2009,home,DET,W,87,83,26,2,8,0,2,0,0,3,2,0,2,2,0,4
3/4/2009,Wed,2009,away,NY,L,105,109,40,8,17,0,5,1,2,8,2,1,1,3,2,17
3/1/2009,Sun,2009,home,CLE,L,87,88,36,4,9,1,1,5,6,10,1,1,2,4,3,14
2/27/2009,Fri,2009,home,MIA,W,91,83,40,5,15,1,5,2,4,3,2,0,1,3,2,13
2/23/2009,Mon,2009,away,UTAH,L,89,108,27,3,8,0,1,1,2,6,0,1,0,0,4,7
2/18/2009,Wed,2009,away,SAC,W,105,100,31,2,8,1,2,1,2,9,0,0,0,4,0,6
2/11/2009,Wed,2009,away,DET,W,99,95,32,4,9,1,1,2,2,8,0,1,0,1,1,11
2/7/2009,Sat,2009,home,LAC,L,97,121,41,5,11,1,3,6,6,5,3,0,0,1,0,17
2/4/2009,Wed,2009,away,MIN,W,94,86,42,6,13,0,2,11,14,10,2,0,2,2,2,23
1/31/2009,Sat,2009,away,MIL,L,107,110,33,1,4,0,1,6,6,8,3,0,3,4,0,8
1/28/2009,Wed,2009,away,NY,L,104,112,43,9,13,3,5,7,8,7,1,1,1,3,0,28
1/25/2009,Sun,2009,home,PHX,L,99,104,37,6,13,1,4,4,5,6,0,0,2,2,0,17
1/20/2009,Tue,2009,away,CHI,W,105,102,0,0,0,0,0,0,0,0,0,0,0,0,0,0
1/16/2009,Fri,2009,away,GS,L,114,119,13,2,5,0,0,1,2,6,0,0,0,0,1,5
1/13/2009,Tue,2009,away,PHX,L,102,107,40,5,7,1,1,5,7,12,1,1,1,2,2,16
1/9/2009,Fri,2009,away,ORL,L,87,121,22,4,10,1,3,0,0,4,1,0,1,2,3,9
1/3/2009,Sat,2009,home,HOU,W,103,100,0,0,0,0,0,0,0,0,0,0,0,0,0,0
12/30/2009,Tue,2009,away,IND,W,110,104,30,3,10,1,3,2,2,6,0,0,2,3,0,9
12/27/2009,Sat,2009,home,CHI,W,129,117,35,6,10,0,1,4,5,8,4,1,0,4,1,16
12/21/2009,Sun,2009,home,DET,W,85,78,36,2,7,1,2,4,4,10,0,1,1,2,1,9
12/17/2009,Wed,2009,home,BOS,L,85,88,39,6,12,0,2,4,7,8,3,2,1,2,2,16
12/13/2009,Sat,2009,home,CLE,W,97,92,38,3,6,2,3,11,13,7,2,2,0,1,1,19
12/10/2009,Wed,2009,away,SA,L,89,95,31,1,6,0,2,2,2,4,0,0,0,0,0,4
12/6/2009,Sat,2009,away,DAL,L,98,100,38,3,10,1,4,4,4,6,1,0,1,2,1,11
12/3/2009,Wed,2009,home,MEM,W,105,95,32,4,9,2,5,6,6,4,5,0,1,3,0,16
11/29/2009,Sat,2009,away,WSH,W,102,98,36,5,9,2,3,2,2,4,4,0,1,5,1,14
11/26/2009,Wed,2009,home,MIL,W,102,96,44,4,8,1,3,9,10,5,2,2,0,3,0,18
11/21/2009,Fri,2009,home,CHA,W,88,83,36,8,14,2,5,4,5,10,0,0,1,4,3,22
11/18/2009,Tue,2009,away,IND,L,96,113,33,4,11,1,3,5,6,4,2,0,1,4,2,14
11/14/2009,Fri,2009,away,NJ,L,108,115,42,7,17,3,4,4,6,4,1,1,0,4,0,21
11/11/2009,Tue,2009,away,CHI,W,113,108,30,5,9,0,0,3,4,4,1,0,1,2,0,13
11/7/2009,Fri,2009,home,TOR,W,110,92,35,7,14,0,1,0,0,5,4,0,2,0,1,14
11/1/2009,Sat,2009,home,PHI,W,95,88,20,1,7,0,2,0,0,5,1,2,0,0,0,2
5/9/2009,Sat,2009,home,CLE,L,82,97,13,2,5,0,1,0,0,0,2,0,1,0,0,4
5/5/2009,Tue,2009,away,CLE,L,72,99,13,0,2,0,0,1,2,2,0,0,1,3,2,1
5/1/2009,Fri,2009,away,MIA,L,72,98,5,0,1,0,0,0,0,0,0,0,0,1,1,0
4/27/2009,Mon,2009,away,MIA,W,81,71,0,0,0,0,0,0,0,0,0,0,0,0,0,0
4/22/2009,Wed,2009,home,MIA,L,93,108,19,4,9,0,3,3,3,1,1,1,0,2,0,11
4/15/2009,Wed,2009,away,MEM,L,90,98,0,0,0,0,0,0,0,0,0,0,0,0,0,0
4/10/2009,Fri,2009,home,IND,W,122,118,12,1,3,0,2,3,4,0,1,1,0,0,0,5
4/7/2009,Tue,2009,away,TOR,W,118,110,0,0,0,0,0,0,0,0,0,0,0,0,0,0
4/3/2009,Fri,2009,away,BOS,L,92,104,0,0,0,0,0,0,0,0,0,0,0,0,0,0
3/29/2009,Sun,2009,home,LAL,W,86,76,0,0,0,0,0,0,0,0,0,0,0,0,0,0
3/25/2009,Wed,2009,home,SA,L,92,102,0,0,0,0,0,0,0,0,0,0,0,0,0,0
3/21/2009,Sat,2009,away,CLE,L,96,102,0,0,0,0,0,0,0,0,0,0,0,0,0,0
3/17/2009,Tue,2009,home,SAC,W,119,97,0,0,0,0,0,0,0,0,0,0,0,0,0,0
3/13/2009,Fri,2009,home,IND,W,101,87,0,0,0,0,0,0,0,0,0,0,0,0,0,0
3/9/2009,Mon,2009,home,NO,W,89,79,0,0,0,0,0,0,0,0,0,0,0,0,0,0
3/6/2009,Fri,2009,away,CHA,L,91,98,43,5,15,0,1,3,4,8,1,3,2,1,1,13
3/2/2009,Mon,2009,away,WSH,W,98,89,38,11,15,4,6,2,3,4,1,1,2,2,1,28
2/25/2009,Wed,2009,away,DEN,L,109,110,39,10,17,1,3,10,10,7,0,0,2,3,1,31
2/20/2009,Fri,2009,away,POR,L,98,108,29,7,13,1,4,0,0,6,2,0,0,4,1,15
2/17/2009,Tue,2009,away,LAL,L,83,96,35,3,9,1,3,3,5,3,2,2,2,1,1,10
2/10/2009,Tue,2009,home,WSH,W,111,90,29,2,10,0,2,1,2,5,0,0,0,1,0,5
2/6/2009,Fri,2009,away,CHA,W,102,97,40,5,15,1,3,18,20,7,1,2,0,2,2,29
1/30/2009,Fri,2009,home,NJ,W,105,88,36,5,11,1,4,5,6,11,1,0,1,5,2,16
1/26/2009,Mon,2009,away,MIA,L,79,95,38,4,13,2,4,7,8,8,1,1,0,1,1,17
1/23/2009,Fri,2009,home,MIL,W,117,87,27,5,8,0,2,1,2,9,0,0,3,1,0,11
1/19/2009,Mon,2009,home,TOR,W,87,84,0,0,0,0,0,0,0,0,0,0,0,0,0,0
1/14/2009,Wed,2009,away,LAC,W,97,80,39,4,9,1,2,2,2,6,3,2,0,5,2,11
1/11/2009,Sun,2009,home,PHI,L,94,109,35,5,10,2,3,0,0,4,1,0,2,1,4,12
1/7/2009,Wed,2009,home,ORL,L,102,106,35,5,11,1,3,5,8,2,0,1,3,3,1,16
1/2/2009,Fri,2009,away,NJ,L,91,93,46,3,9,1,4,2,3,4,1,1,0,2,2,9
12/29/2009,Mon,2009,home,DEN,W,109,91,35,2,8,0,1,8,9,5,0,1,0,4,1,12
12/23/2009,Tue,2009,home,OKC,W,99,88,40,9,13,1,3,2,4,7,2,0,0,1,0,21
12/19/2009,Fri,2009,home,GS,W,115,99,35,10,13,0,1,2,2,9,0,0,1,1,1,22
12/15/2009,Mon,2009,home,CHA,W,83,79,34,2,4,0,1,2,4,6,2,0,0,2,0,6
12/12/2009,Fri,2009,away,MIA,W,87,73,37,1,10,0,2,4,8,9,0,1,1,0,0,6
12/9/2009,Tue,2009,away,HOU,L,84,92,28,5,9,1,2,0,0,3,1,2,0,1,1,11
12/5/2009,Fri,2009,home,NY,W,98,95,38,7,14,0,2,4,4,4,0,0,3,1,1,18
11/28/2009,Fri,2009,away,TOR,L,88,93,40,5,13,0,3,0,0,7,4,2,2,0,1,10
11/22/2009,Sat,2009,away,CLE,L,96,110,28,5,11,0,1,1,2,7,3,0,0,0,1,11
11/19/2009,Wed,2009,home,WSH,W,91,87,45,7,14,1,3,6,6,14,4,1,2,1,2,21
11/15/2009,Sat,2009,home,NJ,L,107,119,32,5,9,0,2,4,4,6,0,1,0,2,3,14
11/12/2009,Wed,2009,away,BOS,L,102,103,38,4,6,4,4,2,3,4,1,0,0,5,1,14
11/9/2009,Sun,2009,away,OKC,W,89,85,38,5,11,1,1,3,4,7,0,0,2,2,3,14
11/5/2009,Wed,2009,away,NO,W,87,79,32,4,6,3,3,0,0,7,0,0,1,1,2,11
5/10/2010,Mon,2010,home,ORL,L,84,98,23,1,5,0,0,0,0,1,0,0,0,1,0,2
5/6/2010,Thu,2010,away,ORL,L,98,112,41,2,8,0,0,5,6,11,0,0,0,2,0,9
5/2/2010,Sun,2010,home,MIL,W,95,74,30,2,7,0,0,4,4,9,2,0,1,2,0,8
4/28/2010,Wed,2010,home,MIL,L,87,91,38,8,10,0,0,6,6,4,0,2,1,3,0,22
4/24/2010,Sat,2010,away,MIL,L,89,107,34,1,7,1,1,5,6,8,2,1,1,0,2,8
4/17/2010,Sat,2010,home,MIL,W,102,92,27,4,5,0,0,4,4,4,2,0,1,2,0,12
4/12/2010,Mon,2010,away,MIL,W,104,96,36,6,10,0,0,6,7,2,2,2,1,3,3,18
4/9/2010,Fri,2010,home,TOR,W,107,101,31,2,6,0,0,4,4,6,2,1,3,0,0,8
4/6/2010,Tue,2010,away,CHA,L,100,109,23,1,4,0,0,4,4,3,4,0,0,4,0,6
4/2/2010,Fri,2010,away,CLE,L,88,93,38,7,10,0,2,1,1,7,1,0,3,3,1,15
3/31/2010,Wed,2010,home,LAL,W,109,92,31,1,4,0,1,0,0,5,1,0,1,3,0,2
3/26/2010,Fri,2010,away,PHI,L,98,105,29,3,6,0,1,0,2,4,1,0,2,1,3,6
3/22/2010,Mon,2010,away,MIL,L,95,98,30,1,2,0,1,0,0,3,1,0,0,1,3,2
3/19/2010,Fri,2010,home,CHA,W,93,92,40,5,10,0,2,2,2,14,2,0,0,2,0,12
3/16/2010,Tue,2010,away,NJ,W,108,84,32,6,10,2,4,1,2,5,3,0,1,2,2,15
3/11/2010,Thu,2010,away,WSH,W,105,99,33,3,4,1,1,1,4,3,1,0,1,3,1,8
3/6/2010,Sat,2010,away,MIA,L,94,100,25,0,3,0,0,6,6,4,0,0,0,1,1,6
3/3/2010,Wed,2010,home,PHI,W,112,93,31,8,12,0,3,5,6,8,1,1,1,2,1,21
2/28/2010,Sun,2010,home,MIL,W,106,102,40,3,5,1,1,0,0,8,2,1,1,4,0,7
2/24/2010,Wed,2010,home,MIN,W,98,92,21,0,4,0,0,4,5,1,0,0,0,2,2,4
2/21/2010,Sun,2010,away,GS,L,104,108,30,4,7,0,0,1,2,2,0,1,1,3,0,9
2/17/2010,Wed,2010,away,LAC,W,110,92,34,4,8,0,0,1,2,2,0,0,2,2,0,9
2/9/2010,Tue,2010,away,MEM,W,108,94,32,6,10,0,2,3,3,7,0,1,1,2,1,15
2/3/2010,Wed,2010,home,LAC,W,103,97,26,4,7,0,0,2,2,10,1,0,0,2,0,10
1/30/2010,Sat,2010,away,ORL,L,86,104,27,3,9,1,3,0,0,2,0,0,1,2,0,7
1/27/2010,Wed,2010,away,SA,L,90,105,23,3,7,0,2,4,6,4,1,1,0,2,0,10
1/22/2010,Fri,2010,home,CHA,W,103,89,32,7,13,0,1,0,0,5,3,0,0,3,1,14
1/18/2010,Mon,2010,home,OKC,L,91,94,21,3,7,0,1,1,2,2,0,0,0,2,0,7
1/13/2010,Wed,2010,home,WSH,W,94,82,37,6,13,0,2,4,6,8,2,4,2,2,0,16
1/9/2010,Sat,2010,away,ORL,L,81,113,30,5,8,1,3,0,0,2,1,1,1,2,2,11
1/6/2010,Wed,2010,home,NJ,W,119,89,29,4,7,2,2,2,2,2,2,1,1,1,0,12
1/1/2010,Fri,2010,home,NY,L,108,112,30,5,9,1,2,0,0,2,1,0,0,2,0,11
12/30/2010,Wed,2010,away,CLE,L,101,106,31,4,5,0,1,0,0,7,1,1,1,2,1,8
12/26/2010,Sat,2010,away,IND,W,110,98,19,1,4,1,2,3,4,3,1,0,0,1,0,6
12/22/2010,Tue,2010,away,MIN,W,112,87,31,4,10,0,2,2,2,6,1,1,1,2,1,10
12/18/2010,Fri,2010,home,UTAH,W,96,83,30,6,10,1,2,2,2,4,1,0,1,2,1,15
12/13/2010,Sun,2010,home,NJ,W,130,107,0,0,0,0,0,0,0,0,0,0,0,0,0,0
12/9/2010,Wed,2010,home,CHI,W,118,83,24,4,10,1,4,3,4,8,3,0,1,2,1,12
12/4/2010,Fri,2010,home,NY,L,107,114,39,7,17,2,6,4,5,6,2,0,1,2,1,20
11/29/2010,Sun,2010,away,DET,L,88,94,27,3,8,2,3,1,2,2,0,1,1,2,3,9
11/26/2010,Thu,2010,home,ORL,L,76,93,28,3,7,1,2,0,0,1,3,0,0,3,1,7
11/20/2010,Fri,2010,home,HOU,W,105,103,40,13,19,3,5,0,0,9,0,0,0,3,1,29
11/16/2010,Mon,2010,home,POR,W,99,95,34,2,6,0,0,0,0,2,3,1,1,3,2,4
11/13/2010,Fri,2010,away,BOS,W,97,86,23,3,7,0,1,0,0,3,2,0,0,1,0,6
11/7/2010,Sat,2010,home,DEN,W,125,100,23,4,6,0,2,6,6,2,1,0,1,5,1,14
11/4/2010,Wed,2010,away,SAC,W,113,105,31,6,9,1,1,0,0,6,0,1,0,1,1,13
11/1/2010,Sun,2010,away,LAL,L,110,118,24,1,6,0,2,4,4,2,1,0,0,1,1,6
10/30/2010,Fri,2010,home,WSH,W,100,89,32,2,7,1,4,5,6,9,0,0,2,2,1,10
5/8/2010,Sat,2010,home,ORL,L,75,105,30,2,7,0,1,2,2,2,0,0,0,1,0,6
5/4/2010,Tue,2010,away,ORL,L,71,114,35,4,10,0,0,0,0,4,1,0,0,2,0,8
4/30/2010,Fri,2010,away,MIL,W,83,69,29,1,5,0,0,0,0,8,1,1,0,3,1,2
4/26/2010,Mon,2010,away,MIL,L,104,111,20,2,5,0,0,0,0,6,0,0,0,2,1,4
4/20/2010,Tue,2010,home,MIL,W,96,86,38,4,10,0,0,3,4,6,0,1,2,2,1,11
4/14/2010,Wed,2010,home,CLE,W,99,83,28,4,7,0,0,3,3,3,3,0,1,2,2,11
4/10/2010,Sat,2010,away,WSH,W,105,95,27,3,6,0,1,2,2,2,0,1,1,1,1,8
4/7/2010,Wed,2010,away,DET,L,88,90,37,7,13,0,1,3,6,9,2,0,1,2,2,17
4/3/2010,Sat,2010,home,DET,W,91,85,37,3,6,0,0,1,1,3,1,1,1,3,1,7
3/28/2010,Sun,2010,home,IND,W,94,84,28,4,9,0,0,0,0,4,0,0,0,0,1,8
3/24/2010,Wed,2010,home,ORL,W,86,84,27,2,9,0,1,0,0,4,2,0,2,2,0,4
3/21/2010,Sun,2010,home,SA,W,119,114,44,10,14,1,3,5,5,9,0,0,2,3,1,26
3/17/2010,Wed,2010,away,TOR,L,105,106,32,1,10,0,0,0,0,4,0,1,0,4,0,2
3/13/2010,Sat,2010,home,DET,W,112,99,31,5,11,1,3,1,2,3,1,1,1,1,1,12
3/8/2010,Mon,2010,away,NY,L,98,99,35,3,6,0,1,2,2,7,2,0,1,1,0,8
3/5/2010,Fri,2010,home,GS,W,127,122,36,4,10,0,1,4,4,14,1,0,2,2,2,12
3/1/2010,Mon,2010,away,CHI,W,116,92,32,7,14,0,2,4,4,9,4,0,1,2,0,18
2/26/2010,Fri,2010,home,DAL,L,103,111,23,2,8,1,2,2,2,6,1,2,0,0,1,7
2/22/2010,Mon,2010,away,UTAH,W,105,100,25,4,7,0,1,3,4,3,2,1,0,2,0,11
2/19/2010,Fri,2010,away,PHX,L,80,88,34,2,5,0,0,2,2,2,3,0,0,3,3,6
2/10/2010,Wed,2010,home,MIA,L,76,94,35,3,11,0,2,5,6,4,1,0,0,1,0,11
2/5/2010,Fri,2010,home,CHI,W,91,81,27,5,8,1,2,0,1,8,0,1,1,3,0,11
2/2/2010,Tue,2010,away,OKC,L,99,106,28,2,7,0,0,0,0,6,0,0,0,2,0,4
1/29/2010,Fri,2010,home,BOS,W,100,91,30,2,5,0,0,0,0,6,0,0,0,5,1,4
1/25/2010,Mon,2010,away,HOU,W,102,95,35,4,8,2,3,2,2,4,0,1,0,1,1,12
1/20/2010,Wed,2010,home,SAC,W,108,97,31,4,9,0,1,5,5,4,1,0,1,0,1,13
1/15/2010,Fri,2010,home,PHX,W,102,101,30,3,10,0,2,2,2,9,0,1,0,3,0,8
1/11/2010,Mon,2010,away,BOS,W,102,96,40,3,9,0,1,8,11,8,1,1,2,2,0,14
1/8/2010,Fri,2010,home,BOS,W,93,85,35,4,8,1,3,2,2,6,1,0,3,4,3,11
1/4/2010,Mon,2010,away,MIA,L,75,92,32,3,6,1,2,2,2,3,0,1,0,1,0,9
12/29/2010,Tue,2010,home,CLE,L,84,95,31,3,6,0,1,6,6,1,1,1,0,1,1,12
12/23/2010,Wed,2010,away,DEN,L,104,124,28,5,11,1,3,2,3,4,2,0,0,3,1,13
12/19/2010,Sat,2010,away,CHI,L,98,101,31,1,7,0,1,2,2,7,1,2,2,0,0,4
12/16/2010,Wed,2010,home,MEM,W,110,97,17,2,5,0,1,0,0,5,3,1,1,2,2,4
12/11/2010,Fri,2010,away,TOR,W,111,89,32,2,8,1,3,4,5,1,1,1,0,0,2,9
12/5/2010,Sat,2010,away,DAL,W,80,75,36,1,7,1,1,0,0,15,1,1,3,1,0,3
12/2/2010,Wed,2010,home,TOR,W,146,115,28,5,9,3,5,2,4,7,3,0,0,1,0,15
11/27/2010,Fri,2010,away,PHI,W,100,86,31,1,4,0,1,2,2,9,0,0,2,2,1,4
11/21/2010,Sat,2010,away,NO,L,88,96,35,8,16,1,5,0,0,6,0,2,1,2,2,17
11/18/2010,Wed,2010,home,MIA,W,105,90,33,5,12,1,1,3,4,4,0,1,0,1,1,14
11/14/2010,Sat,2010,home,NO,W,121,98,26,2,10,0,1,3,4,6,3,0,1,0,0,7
11/11/2010,Wed,2010,away,NY,W,114,101,22,2,7,0,2,0,0,4,0,0,0,5,1,4
11/6/2010,Fri,2010,away,CHA,L,83,103,30,3,8,0,1,3,4,5,0,3,1,0,0,9
11/3/2010,Tue,2010,away,POR,W,97,91,30,1,4,1,2,4,4,7,1,1,0,0,1,7
10/28/2010,Wed,2010,home,IND,W,120,109,31,4,8,1,1,5,6,4,0,2,2,4,2,14
5/12/2011,Thu,2011,home,CHI,L,73,93,15,0,3,0,0,0,0,1,0,1,1,1,1,0
5/8/2011,Sun,2011,home,CHI,W,100,88,15,0,5,0,0,0,0,0,0,2,0,3,1,0
5/4/2011,Wed,2011,away,CHI,L,73,86,24,2,9,0,1,0,2,7,0,2,1,2,0,4
4/28/2011,Thu,2011,home,ORL,W,84,81,22,4,6,2,3,0,0,3,1,0,0,1,1,10
4/24/2011,Sun,2011,home,ORL,W,88,85,15,1,2,0,0,0,0,1,0,0,2,1,1,2
4/19/2011,Tue,2011,away,ORL,L,82,88,19,1,6,0,3,2,2,3,1,0,0,0,1,4
4/13/2011,Wed,2011,away,CHA,L,85,96,18,1,6,0,0,1,2,2,2,0,0,0,0,3
4/9/2011,Sat,2011,away,WSH,L,83,115,29,3,7,1,1,1,2,4,0,1,0,1,0,8
4/5/2011,Tue,2011,home,SA,L,90,97,29,4,7,0,0,0,0,3,1,0,0,0,3,8
4/1/2011,Fri,2011,home,BOS,W,88,83,28,2,6,0,2,3,3,5,0,0,0,2,1,7
3/30/2011,Wed,2011,home,ORL,W,85,82,20,4,6,1,1,1,1,6,1,1,0,2,2,10
3/26/2011,Sat,2011,home,NJ,W,98,87,29,4,9,0,0,1,1,4,3,0,1,5,1,9
3/22/2011,Tue,2011,home,CHI,L,81,114,23,3,8,0,0,3,4,4,0,0,0,1,0,9
3/18/2011,Fri,2011,home,MIA,L,85,106,26,7,17,0,0,1,3,3,0,1,0,2,0,15
3/15/2011,Tue,2011,home,MIL,W,110,85,24,7,9,2,2,0,0,3,2,0,0,1,2,16
3/11/2011,Fri,2011,away,CHI,L,76,94,18,1,5,0,0,0,0,1,0,0,0,1,0,2
3/6/2011,Sun,2011,home,NY,L,79,92,30,2,7,0,1,4,4,6,0,3,0,1,1,8
3/2/2011,Wed,2011,home,CHI,W,83,80,30,4,10,1,1,1,1,4,1,1,2,2,2,10
2/28/2011,Mon,2011,away,DEN,L,90,100,36,4,14,0,3,5,6,3,2,1,1,3,0,13
2/25/2011,Fri,2011,away,GS,W,95,79,32,2,7,0,2,0,0,2,1,1,1,3,6,4
2/22/2011,Tue,2011,away,LAL,L,80,104,27,4,13,1,4,0,0,4,3,0,1,1,0,9
2/14/2011,Mon,2011,away,DET,W,94,79,33,3,6,1,3,8,8,8,1,1,2,3,1,15
2/8/2011,Tue,2011,home,PHI,L,83,117,29,5,10,0,2,0,0,10,0,1,0,0,2,10
2/4/2011,Fri,2011,home,LAC,W,101,100,29,3,9,1,2,2,2,6,1,0,0,3,1,9
1/29/2011,Sat,2011,away,DAL,L,91,102,0,0,0,0,0,0,0,0,0,0,0,0,0,0
1/26/2011,Wed,2011,away,MIL,L,90,98,13,2,6,1,1,2,2,5,0,0,0,0,0,7
1/21/2011,Fri,2011,home,NO,L,59,100,0,0,0,0,0,0,0,0,0,0,0,0,0,0
1/17/2011,Mon,2011,home,SAC,W,100,98,0,0,0,0,0,0,0,0,0,0,0,0,0,0
1/12/2011,Wed,2011,away,TOR,W,104,101,0,0,0,0,0,0,0,0,0,0,0,0,0,0
1/5/2011,Wed,2011,away,UTAH,W,110,87,0,0,0,0,0,0,0,0,0,0,0,0,0,0
1/2/2011,Sun,2011,away,LAC,W,107,98,0,0,0,0,0,0,0,0,0,0,0,0,0,0
12/31/2011,Fri,2011,away,OKC,L,94,103,0,0,0,0,0,0,0,0,0,0,0,0,0,0
12/27/2011,Mon,2011,away,MIL,W,95,80,24,6,9,1,1,1,1,5,0,0,0,1,1,14
12/22/2011,Wed,2011,home,CLE,W,98,84,40,7,11,3,6,0,1,4,1,0,0,1,0,17
12/19/2011,Sun,2011,away,NJ,L,82,89,34,4,9,0,1,0,0,4,3,0,3,2,2,8
12/16/2011,Thu,2011,away,BOS,L,90,102,36,9,15,1,3,7,9,5,1,1,0,3,4,26
12/11/2011,Sat,2011,home,IND,W,97,83,28,4,6,1,2,1,2,0,2,1,1,3,1,10
12/7/2011,Tue,2011,home,NJ,W,116,101,24,2,6,0,2,3,4,4,2,0,0,2,0,7
12/4/2011,Sat,2011,away,MIA,L,77,89,32,2,9,1,4,0,0,4,2,0,1,0,1,5
12/1/2011,Wed,2011,home,MEM,W,112,109,41,6,11,0,1,3,4,4,3,0,1,1,0,15
11/28/2011,Sun,2011,away,TOR,W,96,78,37,6,11,2,3,3,4,12,1,1,1,2,0,17
11/25/2011,Thu,2011,home,WSH,W,116,96,24,3,7,0,1,0,0,4,0,0,1,3,2,6
11/22/2011,Mon,2011,home,BOS,L,76,99,17,1,6,0,1,0,0,2,1,0,0,0,0,2
11/16/2011,Tue,2011,away,IND,W,102,92,24,4,8,0,1,3,3,2,1,0,1,1,1,11
11/12/2011,Fri,2011,home,UTAH,L,86,90,30,2,8,1,3,0,0,6,1,0,0,2,1,5
11/8/2011,Mon,2011,away,ORL,L,89,93,0,0,0,0,0,0,0,0,0,0,0,0,0,0
11/5/2011,Fri,2011,away,MIN,W,113,103,0,0,0,0,0,0,0,0,0,0,0,0,0,0
11/2/2011,Tue,2011,away,CLE,W,100,88,36,8,12,1,3,5,6,4,2,0,1,2,2,22
10/30/2011,Sat,2011,home,WSH,W,99,95,21,0,3,0,1,0,0,4,2,0,0,3,0,0
10/27/2011,Wed,2011,away,MEM,W,119,104,31,5,6,0,1,5,6,7,0,1,0,0,1,15
5/10/2011,Tue,2011,away,CHI,L,83,95,9,1,2,0,0,0,0,1,0,0,0,0,0,2
5/6/2011,Fri,2011,home,CHI,L,82,99,24,4,7,0,0,2,3,1,1,0,0,1,1,10
5/2/2011,Mon,2011,away,CHI,W,103,95,22,2,6,0,2,1,1,2,0,1,0,2,1,5
4/26/2011,Tue,2011,away,ORL,L,76,101,22,4,6,1,2,3,3,5,0,1,2,4,4,12
4/22/2011,Fri,2011,home,ORL,W,88,84,13,1,1,0,0,0,0,2,2,0,1,3,1,2
4/16/2011,Sat,2011,away,ORL,W,103,93,16,2,3,0,0,2,2,1,1,0,2,0,0,6
4/11/2011,Mon,2011,home,MIA,L,90,98,19,5,8,1,2,0,0,2,2,0,1,2,0,11
4/8/2011,Fri,2011,away,IND,L,102,114,24,2,7,0,0,4,4,1,1,1,0,4,0,8
4/3/2011,Sun,2011,away,HOU,L,109,114,25,4,6,1,1,2,2,6,0,0,0,1,0,11
3/27/2011,Sun,2011,away,CLE,W,99,83,43,9,14,3,5,10,11,7,2,1,1,0,2,31
3/23/2011,Wed,2011,away,PHI,L,100,105,31,5,10,0,1,6,6,4,2,0,0,4,1,16
3/20/2011,Sun,2011,home,DET,W,104,96,31,5,7,1,1,2,3,5,3,0,0,0,0,13
3/16/2011,Wed,2011,home,DEN,L,87,102,21,4,10,0,0,2,2,3,4,0,0,0,0,10
3/12/2011,Sat,2011,home,POR,W,91,82,23,2,4,0,0,0,0,8,3,0,1,1,1,4
3/8/2011,Tue,2011,home,LAL,L,87,101,23,1,5,0,0,2,2,5,2,0,0,2,2,4
3/4/2011,Fri,2011,home,OKC,L,104,111,35,4,8,0,0,0,0,8,2,0,0,1,1,8
2/27/2011,Sun,2011,away,POR,W,90,83,28,3,5,0,2,5,5,7,1,1,2,1,1,11
2/23/2011,Wed,2011,away,PHX,L,97,105,29,1,7,0,1,0,1,5,2,0,0,3,0,2
2/16/2011,Wed,2011,away,NY,L,90,102,40,7,14,2,5,1,2,8,3,0,2,0,0,17
2/12/2011,Sat,2011,home,CHA,L,86,88,19,1,7,0,1,0,0,1,0,1,0,2,0,2
2/5/2011,Sat,2011,away,WSH,W,99,92,41,5,11,1,2,4,4,12,0,0,1,4,0,15
2/2/2011,Wed,2011,home,TOR,W,100,87,0,0,0,0,0,0,0,0,0,0,0,0,0,0
1/28/2011,Fri,2011,home,NY,W,111,102,27,3,6,0,1,6,6,4,2,1,0,2,1,12
1/22/2011,Sat,2011,away,CHA,W,103,87,0,0,0,0,0,0,0,0,0,0,0,0,0,0
1/18/2011,Tue,2011,away,MIA,W,93,89,0,0,0,0,0,0,0,0,0,0,0,0,0,0
1/15/2011,Sat,2011,home,HOU,L,106,112,0,0,0,0,0,0,0,0,0,0,0,0,0,0
1/8/2011,Sat,2011,home,IND,W,108,93,0,0,0,0,0,0,0,0,0,0,0,0,0,0
1/4/2011,Tue,2011,away,SAC,W,108,102,0,0,0,0,0,0,0,0,0,0,0,0,0,0
12/29/2011,Wed,2011,home,GS,W,103,93,27,3,7,0,1,0,0,3,3,0,0,2,1,6
12/26/2011,Sun,2011,away,NO,L,86,93,33,5,11,1,3,7,7,5,0,0,0,0,2,18
12/20/2011,Mon,2011,home,ORL,W,91,81,26,4,8,1,3,3,5,9,2,0,1,1,0,12
12/17/2011,Fri,2011,home,CHA,W,90,85,35,5,11,2,6,4,4,8,2,0,1,0,1,16
12/14/2011,Tue,2011,away,DET,L,80,103,30,1,4,1,3,3,4,5,3,0,0,2,0,6
12/10/2011,Fri,2011,away,SA,L,92,108,42,5,10,2,3,3,4,7,0,0,1,0,2,15
12/6/2011,Mon,2011,away,ORL,W,80,74,21,1,6,0,2,0,1,1,0,0,0,2,1,2
12/3/2011,Fri,2011,home,PHI,W,93,88,34,7,12,0,1,8,8,2,0,0,4,5,1,22
11/27/2011,Sat,2011,away,NY,W,99,90,29,5,7,0,0,3,3,8,2,0,0,0,1,13
11/23/2011,Tue,2011,away,NJ,L,101,107,24,3,4,1,1,0,0,2,0,1,0,1,1,7
11/20/2011,Sat,2011,home,DAL,L,93,98,27,3,5,0,1,0,0,1,2,1,0,2,2,6
11/14/2011,Sun,2011,home,MIN,W,111,105,28,3,8,0,1,3,4,7,2,1,1,2,1,9
11/10/2011,Wed,2011,home,MIL,L,91,108,0,0,0,0,0,0,0,0,0,0,0,0,0,0
11/7/2011,Sun,2011,home,PHX,L,114,118,0,0,0,0,0,0,0,0,0,0,0,0,0,0
11/3/2011,Wed,2011,home,DET,W,94,85,33,3,8,0,1,5,6,8,2,0,0,1,0,11
10/29/2011,Fri,2011,away,PHI,W,104,101,33,3,8,0,3,0,1,7,1,0,0,2,2,6
5/10/2012,Thu,2012,away,BOS,L,80,83,36,6,13,4,5,0,0,8,3,1,1,4,0,16
5/6/2012,Sun,2012,away,BOS,L,79,101,18,2,6,1,2,3,3,3,0,0,0,0,0,8
5/1/2012,Tue,2012,home,BOS,L,80,87,21,1,6,0,2,1,2,6,0,1,0,0,0,3
4/26/2012,Thu,2012,home,DAL,W,106,89,23,2,9,1,3,1,1,2,2,0,1,0,2,6
4/22/2012,Sun,2012,home,NY,L,112,113,39,10,14,4,6,5,7,11,0,3,1,4,1,29
4/18/2012,Wed,2012,home,DET,W,116,84,19,3,9,0,1,4,4,7,0,1,2,1,0,10
4/15/2012,Sun,2012,home,TOR,L,86,102,30,2,5,0,1,2,2,6,3,0,0,2,2,6
4/11/2012,Wed,2012,away,BOS,L,86,88,29,2,7,0,2,0,0,6,0,0,1,2,0,4
4/6/2012,Fri,2012,home,DET,W,101,96,24,2,5,0,0,8,10,5,1,0,0,2,0,12
3/31/2012,Sat,2012,away,PHI,L,90,95,27,2,8,1,4,1,2,3,2,0,3,1,0,6
3/28/2012,Wed,2012,home,CHI,L,77,98,26,5,9,0,2,0,0,5,1,0,0,2,1,10
3/25/2012,Sun,2012,home,UTAH,W,139,133,44,5,8,0,0,6,7,9,2,0,2,1,1,16
3/23/2012,Fri,2012,home,NJ,W,93,84,26,5,8,1,3,0,1,6,0,1,0,2,1,11
3/19/2012,Mon,2012,home,BOS,L,76,79,0,0,0,0,0,0,0,0,0,0,0,0,0,0
3/16/2012,Fri,2012,home,WSH,W,102,88,0,0,0,0,0,0,0,0,0,0,0,0,0,0
3/13/2012,Tue,2012,away,DEN,L,117,118,23,4,10,1,2,1,2,2,2,0,3,0,0,10
3/9/2012,Fri,2012,away,DET,L,85,86,35,5,11,4,7,2,3,4,3,1,0,1,0,16
3/6/2012,Tue,2012,away,IND,W,101,96,29,4,11,2,5,2,2,6,0,1,1,4,0,12
3/2/2012,Fri,2012,home,MIL,W,99,94,27,4,9,2,5,0,0,2,1,1,2,0,1,10
2/29/2012,Wed,2012,home,GS,L,82,85,41,5,15,0,3,1,2,12,1,0,2,2,0,11
2/22/2012,Wed,2012,away,NY,L,82,99,27,0,6,0,1,0,0,4,1,0,1,3,0,0
2/18/2012,Sat,2012,away,POR,L,77,97,25,4,7,2,4,0,0,2,0,0,0,2,1,10
2/14/2012,Tue,2012,away,LAL,L,78,86,25,2,8,0,1,0,0,6,0,0,0,2,1,4
2/10/2012,Fri,2012,away,ORL,W,89,87,35,4,8,3,6,2,4,6,3,1,0,0,0,13
2/6/2012,Mon,2012,home,PHX,L,90,99,32,3,8,0,3,2,2,5,2,0,0,2,1,8
2/2/2012,Thu,2012,home,MEM,L,77,96,21,4,6,1,2,0,0,3,0,0,1,1,0,9
1/31/2012,Tue,2012,away,TOR,W,100,77,22,4,11,2,4,0,0,4,3,1,1,2,0,10
1/27/2012,Fri,2012,away,DET,W,107,101,35,6,9,5,6,5,8,8,1,0,0,2,1,22
1/23/2012,Mon,2012,away,MIL,W,97,92,22,3,7,0,2,2,2,4,1,0,2,0,1,8
1/20/2012,Fri,2012,away,PHI,L,76,90,26,2,9,0,0,0,0,5,2,0,1,2,1,4
1/16/2012,Mon,2012,home,TOR,W,93,84,22,0,5,0,2,5,6,5,0,0,0,1,0,5
1/12/2012,Thu,2012,home,CHA,W,111,81,0,0,0,0,0,0,0,0,0,0,0,0,0,0
1/9/2012,Mon,2012,away,NJ,W,106,101,0,0,0,0,0,0,0,0,0,0,0,0,0,0
1/6/2012,Fri,2012,away,CHA,W,102,96,32,6,16,2,5,1,2,9,1,0,1,2,0,15
1/3/2012,Tue,2012,away,CHI,L,74,76,33,5,10,0,0,4,7,8,2,0,1,4,1,14
12/31/2012,Sat,2012,away,HOU,L,84,95,21,3,7,1,2,2,2,4,0,1,0,2,0,9
12/28/2012,Wed,2012,home,WSH,W,101,83,30,4,8,2,3,7,10,8,2,1,2,3,0,17
5/8/2012,Tue,2012,home,BOS,W,87,86,35,5,9,3,6,2,2,4,1,0,1,2,2,15
5/4/2012,Fri,2012,away,BOS,L,84,90,20,1,6,0,1,1,2,11,1,0,1,1,1,3
4/29/2012,Sun,2012,home,BOS,W,83,74,14,1,5,0,0,0,0,1,0,0,0,2,0,2
4/24/2012,Tue,2012,home,LAC,W,109,102,27,5,11,1,3,0,0,4,3,0,1,1,2,11
4/20/2012,Fri,2012,home,BOS,W,97,92,23,2,6,0,2,0,0,2,0,0,1,0,0,4
4/16/2012,Mon,2012,away,TOR,W,109,87,34,5,11,1,3,5,7,5,2,0,2,1,0,16
4/13/2012,Fri,2012,away,ORL,W,109,81,31,6,12,1,4,3,3,4,3,0,1,0,1,16
4/7/2012,Sat,2012,away,CHA,W,116,96,27,5,8,2,3,2,2,3,1,0,1,0,2,14
4/4/2012,Wed,2012,home,CHA,W,120,93,21,6,7,1,1,1,2,3,3,0,0,4,0,14
3/30/2012,Fri,2012,home,NY,W,100,90,33,4,7,0,1,5,5,7,1,2,2,4,0,13
3/27/2012,Tue,2012,away,MIL,L,101,108,26,4,11,2,4,1,1,6,0,0,0,1,2,11
3/24/2012,Sat,2012,away,WSH,W,95,92,25,5,11,1,3,2,2,3,0,0,1,0,1,13
3/21/2012,Wed,2012,home,CLE,W,103,102,0,0,0,0,0,0,0,0,0,0,0,0,0,0
3/18/2012,Sun,2012,away,CLE,W,103,87,0,0,0,0,0,0,0,0,0,0,0,0,0,0
3/14/2012,Wed,2012,away,LAC,L,82,96,0,0,0,0,0,0,0,0,0,0,0,0,0,0
3/11/2012,Sun,2012,away,SAC,W,106,99,24,5,11,0,3,2,3,5,1,1,1,3,1,12
3/7/2012,Wed,2012,away,MIA,L,86,89,31,2,5,1,2,2,2,3,2,0,0,4,0,7
3/3/2012,Sat,2012,home,OKC,W,97,90,30,2,7,0,2,5,5,3,1,1,1,2,0,9
2/23/2012,Thu,2012,home,ORL,W,83,78,22,0,3,0,1,2,2,6,1,0,1,0,0,2
2/20/2012,Mon,2012,away,CHI,L,79,90,0,0,0,0,0,0,0,0,0,0,0,0,0,0
2/15/2012,Wed,2012,away,PHX,W,101,99,20,2,5,0,0,0,0,4,2,0,1,0,0,4
2/12/2012,Sun,2012,home,MIA,L,87,107,18,2,9,2,5,0,0,3,0,0,0,1,2,6
2/8/2012,Wed,2012,home,IND,W,97,87,23,2,7,1,4,0,0,7,1,0,0,2,1,5
2/4/2012,Sat,2012,home,PHI,L,87,98,20,3,5,0,1,2,2,4,0,0,0,0,2,8
1/29/2012,Sun,2012,away,NO,W,94,72,24,5,8,3,4,1,1,2,3,0,3,1,0,14
1/25/2012,Wed,2012,away,SA,L,83,105,27,3,6,2,3,0,0,9,1,1,0,2,2,8
1/21/2012,Sat,2012,home,CLE,W,121,94,20,5,6,1,2,1,2,3,1,1,0,0,2,12
1/18/2012,Wed,2012,home,POR,W,92,89,21,3,8,0,1,6,8,8,1,0,0,1,1,12
1/14/2012,Sat,2012,home,MIN,W,93,91,19,3,6,0,1,2,2,8,1,0,0,1,2,8
1/11/2012,Wed,2012,away,IND,L,84,96,0,0,0,0,0,0,0,0,0,0,0,0,0,0
1/7/2012,Sat,2012,home,CHI,W,109,94,6,1,3,1,1,0,0,0,1,0,0,0,0,3
1/5/2012,Thu,2012,home,MIA,L,109,116,29,2,10,1,2,2,2,7,0,0,0,1,1,7
1/2/2012,Mon,2012,away,MIA,W,100,92,22,4,6,0,1,0,0,3,1,0,0,2,0,8
12/30/2012,Fri,2012,home,NJ,W,105,98,25,4,9,1,3,2,2,6,2,0,1,0,0,11
12/27/2012,Tue,2012,away,NJ,W,106,70,22,3,9,2,4,6,7,9,3,0,2,1,1,14
4/17/2013,Wed,2013,away,MEM,L,70,86,17,2,7,1,2,1,2,4,1,0,0,2,0,6
4/12/2013,Fri,2013,home,MIN,W,107,100,17,1,2,0,0,2,2,3,2,0,0,1,1,4
4/7/2013,Sun,2013,away,GS,W,97,90,7,1,1,1,1,0,0,0,2,0,0,1,0,3
4/3/2013,Wed,2013,home,DEN,L,96,113,22,5,7,0,1,0,0,2,3,1,0,3,2,10
3/30/2013,Sat,2013,home,BKN,W,116,107,21,7,9,0,1,0,1,6,1,0,0,0,1,14
3/27/2013,Wed,2013,home,PHX,W,103,88,22,2,6,0,2,1,1,4,3,1,0,0,0,5
3/24/2013,Sun,2013,away,DAL,L,108,113,23,1,6,0,2,0,0,2,1,0,1,0,0,2
3/20/2013,Wed,2013,away,HOU,L,93,100,21,1,3,0,2,0,0,3,0,1,0,1,0,2
3/16/2013,Sat,2013,home,MEM,W,90,84,23,1,4,0,1,3,4,3,1,0,1,1,0,5
3/11/2013,Mon,2013,home,DET,W,103,90,30,5,8,2,3,2,2,6,4,0,2,0,0,14
3/8/2013,Fri,2013,away,CHI,L,88,89,27,6,10,2,2,0,0,10,1,0,1,3,1,14
3/4/2013,Mon,2013,away,MIL,L,108,109,15,0,5,0,2,0,0,2,0,0,0,0,1,0
2/27/2013,Wed,2013,home,ATL,L,91,102,19,4,10,0,2,0,0,4,0,0,0,2,0,8
2/23/2013,Sat,2013,away,LAC,L,94,107,14,0,3,0,2,0,0,2,1,1,0,1,1,0
2/13/2013,Wed,2013,away,MIN,W,97,93,16,0,1,0,0,0,0,7,0,1,0,1,0,0
2/9/2013,Sat,2013,away,SAC,L,109,120,17,3,5,2,3,0,0,3,0,1,0,0,2,8
2/6/2013,Wed,2013,home,MIL,W,100,86,21,1,3,1,2,0,0,1,0,0,0,2,4,3
2/2/2013,Sat,2013,away,POR,L,99,105,32,7,13,1,3,0,0,6,2,0,2,4,0,15
1/30/2013,Wed,2013,home,NO,W,104,99,36,2,10,1,4,6,6,7,1,1,2,2,3,11
1/26/2013,Sat,2013,home,IND,W,114,110,26,3,7,0,2,0,0,2,2,1,1,0,2,6
1/23/2013,Wed,2013,home,WSH,W,92,88,20,2,5,0,1,0,0,3,1,0,0,2,0,4
1/14/2013,Mon,2013,home,MIA,W,104,97,33,2,8,1,4,0,0,2,2,1,2,1,1,5
1/11/2013,Fri,2013,away,ATL,L,95,103,0,0,0,0,0,0,0,0,0,0,0,0,0,0
1/7/2013,Mon,2013,home,DAL,W,100,94,16,1,4,1,2,0,0,3,0,1,0,0,1,3
1/4/2013,Fri,2013,away,PHX,W,87,80,21,0,3,0,1,0,0,1,0,0,2,3,2,0
12/30/2013,Sun,2013,away,LAC,L,96,107,0,0,0,0,0,0,0,0,0,0,0,0,0,0
12/26/2013,Wed,2013,home,GS,L,83,94,19,1,6,0,1,0,0,1,1,1,0,0,1,2
12/22/2013,Sat,2013,away,MIA,L,89,105,27,7,12,2,5,0,0,4,1,0,0,1,1,16
12/18/2013,Tue,2013,away,BKN,W,92,90,30,5,11,0,3,1,2,10,2,0,1,2,0,11
12/14/2013,Fri,2013,away,PHX,L,84,99,27,5,8,1,1,0,0,5,0,1,0,1,1,11
12/9/2013,Sun,2013,away,LAL,W,117,110,23,3,4,1,2,0,0,3,1,2,1,0,1,7
12/5/2013,Wed,2013,home,ORL,W,87,81,23,3,7,0,1,2,2,4,0,0,0,0,1,8
12/1/2013,Sat,2013,away,HOU,L,116,124,0,0,0,0,0,0,0,0,0,0,0,0,0,0
11/30/2013,Fri,2013,away,OKC,L,94,106,0,0,0,0,0,0,0,0,0,0,0,0,0,0
11/26/2013,Mon,2013,home,DEN,W,105,103,23,3,7,2,4,0,0,1,4,0,0,2,1,8
11/23/2013,Fri,2013,home,SAC,W,104,102,34,6,12,1,5,7,7,4,2,0,0,1,0,20
11/17/2013,Sat,2013,away,WSH,W,83,76,27,2,5,0,2,3,6,8,1,1,1,0,2,7
11/14/2013,Wed,2013,away,BOS,L,93,98,25,2,6,1,2,2,2,2,1,2,0,0,0,7
11/10/2013,Sat,2013,home,PHX,W,94,81,38,5,10,1,2,2,2,7,2,1,0,2,1,13
11/7/2013,Wed,2013,home,LAL,W,95,86,24,4,7,0,2,3,3,4,0,0,2,2,1,11
11/3/2013,Sat,2013,away,SA,L,100,110,25,4,9,0,1,0,0,4,1,0,0,0,1,8
10/31/2013,Wed,2013,home,DAL,W,113,94,30,7,13,2,3,5,5,3,1,1,1,2,1,21
10/22/2013,Mon,2013,away,POR,L,114,120,24,4,8,1,4,0,0,2,0,0,2,0,1,9
10/17/2013,Wed,2013,away,LAC,L,94,96,24,3,7,1,2,1,1,4,0,0,0,4,2,8
10/13/2013,Sat,2013,away,LAL,W,99,86,26,5,8,2,2,2,2,3,1,1,3,5,1,14
10/8/2013,Mon,2013,away,GS,L,80,83,22,4,6,0,0,5,6,3,1,0,1,0,1,13
4/15/2013,Mon,2013,away,MIN,W,96,80,19,2,4,0,1,0,0,3,0,0,0,1,0,4
4/9/2013,Tue,2013,home,OKC,L,80,90,0,0,0,0,0,0,0,0,0,0,0,0,0,0
4/5/2013,Fri,2013,home,NO,W,95,83,0,0,0,0,0,0,0,0,0,0,0,0,0,0
4/1/2013,Mon,2013,home,POR,W,112,102,9,1,2,0,0,0,0,1,0,0,0,0,0,2
3/29/2013,Fri,2013,away,POR,W,105,95,12,0,3,0,1,0,0,1,0,0,2,1,0,0
3/25/2013,Mon,2013,home,PHI,W,107,91,17,1,3,0,1,0,0,2,1,2,1,1,0,2
3/22/2013,Fri,2013,away,SA,L,97,104,35,4,9,1,4,0,0,9,1,0,1,2,1,9
3/18/2013,Mon,2013,home,NY,L,83,90,28,4,7,2,4,0,0,6,1,0,0,3,0,10
3/13/2013,Wed,2013,away,OKC,L,87,110,24,2,5,0,1,0,0,5,2,0,2,0,0,4
3/9/2013,Sat,2013,away,NY,L,84,113,20,3,6,0,2,1,1,7,0,0,0,4,2,7
3/6/2013,Wed,2013,away,CLE,L,101,104,14,0,2,0,0,0,0,2,0,1,1,3,1,0
3/1/2013,Fri,2013,home,CHA,W,98,68,17,0,4,0,2,1,2,4,3,2,0,1,1,1
2/25/2013,Mon,2013,home,BOS,L,107,110,26,5,10,2,2,3,4,2,3,1,0,2,0,15
2/19/2013,Tue,2013,home,GS,W,115,101,20,3,8,2,4,3,4,1,1,0,0,2,1,11
2/12/2013,Tue,2013,home,OKC,W,109,94,22,0,4,0,3,2,2,1,1,0,0,3,0,2
2/8/2013,Fri,2013,home,CHI,L,89,93,30,1,6,1,1,0,2,6,0,1,0,2,1,3
2/4/2013,Mon,2013,home,SAC,W,98,91,42,2,5,2,3,2,2,6,2,0,0,1,1,8
2/1/2013,Fri,2013,home,POR,W,86,77,27,4,6,0,1,0,0,5,1,1,1,1,1,8
1/28/2013,Mon,2013,home,HOU,L,80,125,26,3,6,1,4,0,2,5,2,0,0,1,0,7
1/25/2013,Fri,2013,away,LAL,L,84,102,22,3,6,1,3,0,0,1,1,0,1,2,0,7
1/19/2013,Sat,2013,home,CLE,W,109,98,21,1,5,1,3,2,2,1,0,1,0,1,0,5
1/12/2013,Sat,2013,away,DET,W,90,87,0,0,0,0,0,0,0,0,0,0,0,0,0,0
1/9/2013,Wed,2013,away,CHA,W,112,102,0,0,0,0,0,0,0,0,0,0,0,0,0,0
1/5/2013,Sat,2013,away,DEN,L,91,110,32,4,10,3,6,2,2,4,2,0,1,2,0,13
1/2/2013,Wed,2013,home,MIN,W,106,84,27,4,10,1,4,2,2,5,3,2,1,3,0,11
12/28/2013,Fri,2013,home,LAC,L,114,116,20,3,5,0,0,0,0,2,0,0,0,2,1,6
12/23/2013,Sun,2013,away,ORL,W,97,93,17,1,6,1,1,0,0,0,0,0,0,0,0,3
12/19/2013,Wed,2013,away,IND,L,84,104,21,3,5,0,2,0,0,3,1,0,0,0,2,6
12/15/2013,Sat,2013,home,MEM,L,86,99,23,2,6,0,3,2,2,2,1,1,0,2,2,6
12/12/2013,Wed,2013,home,SA,W,99,96,19,1,5,0,2,0,0,2,0,2,0,1,3,2
12/7/2013,Fri,2013,home,TOR,W,131,99,28,5,10,3,5,1,1,4,0,0,1,2,0,14
12/3/2013,Mon,2013,home,LAC,L,104,105,0,0,0,0,0,0,0,0,0,0,0,0,0,0
11/28/2013,Wed,2013,away,NO,W,96,84,26,4,7,2,3,6,8,3,0,0,1,3,1,16
11/24/2013,Sat,2013,away,SAC,L,97,108,30,2,6,2,5,2,4,2,1,0,0,1,1,8
11/19/2013,Mon,2013,home,HOU,W,102,91,25,4,9,3,3,1,2,4,1,0,0,0,0,12
11/16/2013,Fri,2013,away,PHI,L,93,99,22,1,4,0,1,0,0,2,1,1,0,0,1,2
11/12/2013,Mon,2013,away,TOR,W,140,133,32,6,9,1,1,4,6,5,0,1,0,1,1,17
11/9/2013,Fri,2013,away,DEN,L,84,104,25,2,7,0,4,1,2,3,2,1,2,2,1,5
11/5/2013,Mon,2013,away,MEM,L,94,103,30,2,5,0,1,2,2,5,0,2,2,4,3,6
11/2/2013,Fri,2013,away,NO,L,86,88,29,2,8,1,6,0,0,3,1,0,0,1,1,5
10/20/2013,Sat,2013,home,LAC,W,99,91,28,6,9,3,4,3,4,8,1,0,4,2,2,18
10/16/2013,Tue,2013,away,LAL,W,114,80,22,3,8,2,4,2,2,3,3,1,0,1,2,10
10/12/2013,Fri,2013,home,OKC,W,97,81,23,3,6,1,2,3,4,4,2,0,2,1,0,10
3/26/2014,Wed,2014,home,MEM,NULL,71,62,14,2,3,0,0,1,2,2,1,1,0,0,1,5
3/22/2014,Sat,2014,home,ORL,W,89,88,24,2,9,0,5,0,1,5,0,0,1,3,1,4
3/17/2014,Mon,2014,away,HOU,L,86,124,20,1,6,1,3,2,2,2,3,0,1,0,1,5
3/14/2014,Fri,2014,home,LAC,L,87,96,0,0,0,0,0,0,0,0,0,0,0,0,0,0
3/10/2014,Mon,2014,home,ATL,L,110,112,31,6,12,1,4,5,6,6,1,0,3,4,0,18
3/7/2014,Fri,2014,away,NY,L,81,108,19,1,7,0,5,1,2,5,0,1,0,4,1,3
3/3/2014,Mon,2014,away,MIL,L,88,114,17,2,6,1,3,0,0,4,2,0,0,1,1,5
2/28/2014,Fri,2014,away,CLE,L,79,99,26,2,10,1,3,0,0,2,1,0,0,0,1,5
2/24/2014,Mon,2014,home,BOS,W,110,98,23,8,10,2,2,1,3,7,2,1,2,2,0,19
2/21/2014,Fri,2014,away,POR,L,94,102,31,1,3,0,0,2,2,3,1,1,1,1,2,4
2/12/2014,Wed,2014,home,PHI,W,105,100,30,5,8,1,3,2,2,14,0,0,0,1,2,13
2/8/2014,Sat,2014,home,MIA,W,94,89,28,9,15,5,8,0,2,3,1,1,0,4,1,23
2/3/2014,Mon,2014,home,TOR,L,79,94,40,9,16,1,3,4,4,8,0,0,2,4,0,23
1/31/2014,Fri,2014,home,GS,L,90,95,0,0,0,0,0,0,0,0,0,0,0,0,0,0
1/25/2014,Sat,2014,home,WSH,W,104,101,17,2,7,2,5,2,2,4,0,0,0,2,0,8
1/18/2014,Sat,2014,away,MIN,L,72,98,18,1,5,1,3,2,2,2,0,1,1,4,0,5
1/15/2014,Wed,2014,away,SA,L,105,109,21,0,2,0,0,0,0,3,1,0,0,0,0,0
1/10/2014,Fri,2014,home,CLE,L,102,113,27,1,6,1,2,0,0,4,0,0,1,2,0,3
1/3/2014,Fri,2014,away,LAL,L,99,110,23,5,10,0,2,1,2,5,2,1,1,2,1,11
12/30/2014,Mon,2014,home,CHA,W,83,80,34,6,8,1,1,0,0,10,0,1,1,0,0,13
12/27/2014,Fri,2014,home,LAL,W,105,103,36,6,14,3,7,1,2,7,2,2,1,2,3,16
12/21/2014,Sat,2014,away,CHA,W,88,85,30,2,8,1,3,0,0,6,2,1,3,3,1,5
12/18/2014,Wed,2014,away,ORL,W,86,82,29,2,7,1,4,0,0,6,0,1,2,3,3,5
12/14/2014,Sat,2014,home,SA,L,84,100,27,4,7,2,4,0,0,7,2,3,1,3,0,10
12/11/2014,Wed,2014,away,SAC,W,122,101,28,3,8,2,5,0,0,4,5,0,2,2,0,8
12/7/2014,Sat,2014,home,SAC,L,102,112,0,0,0,0,0,0,0,0,0,0,0,0,0,0
12/4/2014,Wed,2014,home,IND,L,86,95,0,0,0,0,0,0,0,0,0,0,0,0,0,0
11/30/2014,Sat,2014,away,PHX,W,112,104,33,6,11,2,5,0,0,6,3,0,1,3,1,14
11/25/2014,Mon,2014,home,CHI,W,89,83,44,7,14,3,7,0,0,9,1,0,1,4,0,17
11/22/2014,Fri,2014,away,DAL,L,93,103,32,7,13,3,6,2,3,5,3,1,2,4,0,19
11/18/2014,Mon,2014,home,GS,L,87,98,30,5,11,2,4,4,6,8,1,1,1,1,0,16
11/15/2014,Fri,2014,home,SA,L,82,91,23,1,4,0,2,0,0,5,2,0,1,2,0,2
11/11/2014,Mon,2014,home,DEN,L,81,100,18,2,3,2,3,0,0,1,0,1,2,2,1,6
11/8/2014,Fri,2014,away,C